record_id,amount,age_days,engagement_score,tier,region,category,target
REC-000000,31824.43,141,24.49,enterprise,north,expansion,0
REC-000001,29292.22,17,2.98,enterprise,south,expansion,0
REC-000002,38367.76,360,54.49,enterprise,west,expansion,1
REC-000003,4832.75,143,15.55,mid_market,north,new,0
REC-000004,12668.27,136,80.71,smb,west,expansion,1
REC-000005,5254.58,186,57.74,smb,north,new,0
REC-000006,12527.05,187,16.27,mid_market,south,expansion,0
REC-000007,30909.2,126,16.34,mid_market,east,expansion,0
REC-000008,7572.12,29,22.9,enterprise,east,renewal,1
REC-000009,90509.44,336,49.92,smb,west,new,0
REC-000010,4981.85,135,74.7,mid_market,west,renewal,1
REC-000011,1485.91,349,42.22,enterprise,west,renewal,1
REC-000012,19735.42,284,86.08,enterprise,north,expansion,0
REC-000013,358570.26,175,11.16,mid_market,south,renewal,1
REC-000014,169189.32,257,76.2,smb,north,expansion,1
REC-000015,54962.14,79,37.39,enterprise,north,expansion,1
REC-000016,13019.74,291,94.69,enterprise,west,new,0
REC-000017,24252.36,338,47.53,smb,south,renewal,0
REC-000018,120823.18,205,99.51,smb,east,renewal,0
REC-000019,18657.62,33,33.81,smb,south,expansion,1
REC-000020,1104.78,118,6.74,enterprise,east,new,0
REC-000021,7275.22,277,13.23,smb,west,new,0
REC-000022,58535.16,50,65.9,mid_market,west,renewal,1
REC-000023,133880.1,331,9.84,mid_market,east,new,0
REC-000024,5188.61,217,18.35,mid_market,south,new,0
REC-000025,174179.73,26,65.21,smb,north,new,0
REC-000026,64621.07,249,48.14,mid_market,north,new,0
REC-000027,84229.34,217,69.66,smb,west,new,1
REC-000028,42024.12,161,5.72,smb,west,expansion,0
REC-000029,23978.84,261,8.01,enterprise,north,expansion,1
REC-000030,104988.25,292,24.62,smb,north,expansion,1
REC-000031,55906.99,162,93.47,enterprise,east,new,1
REC-000032,1511.06,235,31.62,enterprise,north,renewal,0
REC-000033,26373.33,276,21.32,mid_market,south,renewal,0
REC-000034,103569.84,81,43.82,smb,east,expansion,0
REC-000035,117903.09,342,81.71,mid_market,north,new,1
REC-000036,6409.61,108,71.76,enterprise,east,expansion,1
REC-000037,3568.59,142,4.41,mid_market,south,expansion,0
REC-000038,4627.63,362,42.77,enterprise,north,new,0
REC-000039,39247.79,19,83.46,smb,south,renewal,1
REC-000040,80785.73,128,66.69,mid_market,west,expansion,0
REC-000041,92543.65,84,97.62,enterprise,west,new,1
REC-000042,11067.25,128,26.68,smb,north,renewal,0
REC-000043,72166.76,236,34.97,enterprise,south,new,0
REC-000044,15333.86,36,96.69,mid_market,east,expansion,0
REC-000045,422868.22,170,93.92,enterprise,east,new,1
REC-000046,32202.42,161,43.64,smb,north,renewal,0
REC-000047,15634.88,276,68.69,smb,south,renewal,1
REC-000048,56471.0,64,71.98,mid_market,east,expansion,1
REC-000049,15420.06,66,19.18,smb,west,expansion,0
REC-000050,3144.15,208,54.79,enterprise,east,renewal,1
REC-000051,142840.84,165,46.5,mid_market,south,expansion,0
REC-000052,24546.57,172,9.34,enterprise,east,new,0
REC-000053,78329.36,323,57.57,smb,west,renewal,1
REC-000054,1208.07,55,77.84,enterprise,south,expansion,1
REC-000055,4714.61,63,45.65,mid_market,east,renewal,0
REC-000056,68830.36,281,44.59,enterprise,west,renewal,1
REC-000057,3658.92,267,48.46,enterprise,east,renewal,1
REC-000058,10330.96,164,89.3,enterprise,south,new,1
REC-000059,120572.53,33,41.49,mid_market,west,renewal,1
REC-000060,89599.19,300,94.61,enterprise,west,renewal,1
REC-000061,4687.33,215,53.82,smb,south,renewal,1
REC-000062,18582.06,173,66.89,mid_market,south,renewal,0
REC-000063,286605.38,340,2.71,smb,west,new,0
REC-000064,7280.86,168,21.17,mid_market,east,renewal,1
REC-000065,163943.53,42,47.03,smb,north,renewal,1
REC-000066,385.69,319,15.24,enterprise,west,expansion,1
REC-000067,189813.87,132,76.69,enterprise,north,new,0
REC-000068,4916.14,193,39.67,smb,south,new,0
REC-000069,67744.46,357,77.25,smb,north,expansion,0
REC-000070,11071.74,190,6.9,smb,east,new,0
REC-000071,55676.85,186,63.56,mid_market,south,renewal,1
REC-000072,25850.8,316,80.82,smb,west,renewal,1
REC-000073,49642.1,126,83.07,enterprise,east,renewal,1
REC-000074,17447.33,195,33.64,mid_market,east,new,0
REC-000075,13310.21,144,88.03,smb,east,expansion,1
REC-000076,66658.39,124,69.06,smb,west,renewal,0
REC-000077,5737.0,355,24.33,smb,east,renewal,0
REC-000078,26904.28,233,27.09,mid_market,south,new,0
REC-000079,3477.16,354,18.51,enterprise,west,renewal,0
REC-000080,290693.65,145,98.05,enterprise,east,new,1
REC-000081,3855.84,65,27.43,enterprise,east,expansion,0
REC-000082,92516.66,53,87.27,smb,east,renewal,1
REC-000083,20947.79,352,5.36,enterprise,east,new,0
REC-000084,81422.28,116,77.57,mid_market,west,renewal,1
REC-000085,32821.27,292,62.1,smb,north,new,0
REC-000086,11394.1,123,17.38,enterprise,south,new,1
REC-000087,55231.88,17,23.15,smb,east,expansion,0
REC-000088,5221.34,136,78.78,smb,south,renewal,1
REC-000089,9584.26,137,82.66,enterprise,north,new,0
REC-000090,88568.94,148,43.92,mid_market,east,expansion,0
REC-000091,6160.85,225,8.04,enterprise,west,expansion,1
REC-000092,10862.39,346,83.6,smb,north,expansion,0
REC-000093,50425.55,90,47.05,smb,west,renewal,1
REC-000094,40184.19,252,96.91,mid_market,east,renewal,1
REC-000095,477985.89,169,41.16,mid_market,east,expansion,0
REC-000096,132387.59,233,8.81,mid_market,east,new,0
REC-000097,13253.26,1,65.77,smb,west,renewal,1
REC-000098,24977.73,256,62.54,enterprise,south,renewal,1
REC-000099,156160.13,358,48.47,enterprise,south,expansion,1
REC-000100,29501.04,48,22.47,enterprise,west,new,0
REC-000101,3575.52,213,83.47,mid_market,south,renewal,1
REC-000102,476.22,261,74.63,enterprise,north,renewal,1
REC-000103,87690.32,260,26.72,enterprise,east,expansion,1
REC-000104,21347.48,276,48.43,mid_market,west,renewal,0
REC-000105,7410.85,211,4.36,smb,west,expansion,0
REC-000106,191420.48,78,49.53,enterprise,south,expansion,0
REC-000107,13622.01,226,9.97,mid_market,north,expansion,1
REC-000108,4424.93,204,64.98,mid_market,west,renewal,0
REC-000109,154361.37,278,3.59,enterprise,south,expansion,0
REC-000110,10848.11,47,43.4,enterprise,north,renewal,1
REC-000111,13645.9,184,37.48,enterprise,south,expansion,0
REC-000112,38970.43,90,7.9,mid_market,south,renewal,0
REC-000113,4006.61,131,45.96,smb,north,renewal,0
REC-000114,37903.27,227,94.52,smb,east,expansion,0
REC-000115,54264.65,155,19.92,mid_market,west,new,1
REC-000116,34039.78,359,29.52,smb,west,renewal,1
REC-000117,959531.29,147,77.57,enterprise,east,new,1
REC-000118,57838.29,338,68.09,enterprise,north,expansion,0
REC-000119,9142.81,297,36.49,enterprise,north,renewal,1
REC-000120,16779.88,277,87.65,mid_market,east,new,1
REC-000121,110470.34,152,74.66,mid_market,north,renewal,0
REC-000122,634388.48,204,96.73,smb,east,new,0
REC-000123,15434.8,345,26.22,mid_market,east,new,0
REC-000124,18161.81,288,32.8,smb,south,expansion,1
REC-000125,9318.3,72,4.53,enterprise,east,renewal,1
REC-000126,5035.72,199,45.36,smb,west,expansion,0
REC-000127,4820.43,51,83.37,smb,west,renewal,1
REC-000128,12105.9,121,85.55,enterprise,east,expansion,0
REC-000129,32751.43,142,18.98,enterprise,west,new,0
REC-000130,54456.58,11,5.06,mid_market,south,new,0
REC-000131,30861.06,120,32.86,enterprise,north,renewal,0
REC-000132,7700.69,129,79.85,enterprise,north,new,1
REC-000133,58641.45,166,1.58,mid_market,north,new,0
REC-000134,28679.17,244,44.83,mid_market,north,renewal,0
REC-000135,24388.17,16,6.08,mid_market,west,renewal,0
REC-000136,16692.05,38,89.93,mid_market,south,new,1
REC-000137,47645.04,365,32.52,smb,east,renewal,0
REC-000138,9245.38,59,85.28,smb,south,renewal,1
REC-000139,7655.1,233,39.87,smb,north,renewal,1
REC-000140,43435.56,79,68.68,mid_market,north,new,0
REC-000141,576405.59,285,6.0,smb,east,expansion,1
REC-000142,7145.76,217,86.81,smb,north,renewal,1
REC-000143,8915.4,109,15.47,mid_market,south,new,0
REC-000144,25941.01,143,57.41,mid_market,north,expansion,0
REC-000145,70075.03,93,27.33,mid_market,east,renewal,1
REC-000146,197724.46,206,6.96,smb,north,new,0
REC-000147,6226.02,175,15.74,mid_market,east,expansion,0
REC-000148,70841.45,317,4.98,enterprise,east,renewal,0
REC-000149,20617.01,140,21.56,smb,north,renewal,1
REC-000150,3886.15,250,52.69,mid_market,north,new,0
REC-000151,28497.51,155,94.53,enterprise,east,renewal,1
REC-000152,5730.34,361,23.01,smb,east,new,0
REC-000153,66486.99,236,92.12,mid_market,west,expansion,0
REC-000154,36591.69,208,2.09,mid_market,south,expansion,0
REC-000155,47315.41,224,84.45,enterprise,west,expansion,1
REC-000156,49640.9,87,7.64,smb,north,expansion,0
REC-000157,109696.05,331,81.5,enterprise,north,new,1
REC-000158,8169.82,336,7.54,smb,west,renewal,0
REC-000159,74122.54,290,64.3,smb,east,expansion,0
REC-000160,16450.75,324,30.28,mid_market,north,renewal,0
REC-000161,9043.99,30,36.87,mid_market,north,expansion,0
REC-000162,236756.63,260,38.45,smb,north,renewal,0
REC-000163,27643.69,310,47.56,enterprise,north,renewal,1
REC-000164,105273.23,44,50.45,enterprise,north,new,0
REC-000165,34344.86,145,38.74,mid_market,north,expansion,0
REC-000166,41823.93,337,96.44,smb,south,renewal,1
REC-000167,5325.24,340,39.2,smb,north,renewal,0
REC-000168,38172.44,66,67.01,smb,north,expansion,0
REC-000169,22522.02,159,18.03,enterprise,east,renewal,1
REC-000170,1844.35,260,77.09,smb,north,expansion,1
REC-000171,48466.94,193,15.43,enterprise,south,expansion,0
REC-000172,10842.43,122,96.96,smb,east,expansion,0
REC-000173,8958.36,241,90.4,enterprise,east,expansion,0
REC-000174,223179.57,145,77.81,smb,west,new,0
REC-000175,54162.94,129,5.22,mid_market,east,expansion,0
REC-000176,67761.47,64,28.51,enterprise,east,renewal,0
REC-000177,4388.71,114,81.67,mid_market,north,renewal,1
REC-000178,22175.83,42,37.49,enterprise,east,new,0
REC-000179,140048.6,71,3.83,mid_market,south,expansion,0
REC-000180,515519.07,10,25.59,enterprise,west,new,0
REC-000181,10210.73,123,41.98,smb,west,new,1
REC-000182,292238.68,9,63.2,smb,south,expansion,1
REC-000183,13729.13,124,57.07,enterprise,north,expansion,0
REC-000184,2106.3,260,78.64,smb,north,renewal,0
REC-000185,3242.79,192,25.37,enterprise,east,new,1
REC-000186,110466.97,298,73.52,mid_market,south,new,1
REC-000187,6883.61,351,46.46,smb,west,expansion,1
REC-000188,805.06,235,3.7,enterprise,north,new,0
REC-000189,11072.35,204,98.91,smb,west,renewal,1
REC-000190,37403.48,25,86.58,mid_market,east,new,0
REC-000191,16807.59,226,89.46,mid_market,east,new,0
REC-000192,20247.78,266,26.67,enterprise,west,new,0
REC-000193,12193.12,168,66.09,mid_market,west,expansion,0
REC-000194,4709.85,229,4.24,mid_market,west,renewal,0
REC-000195,46251.78,263,80.11,smb,south,new,1
REC-000196,78104.68,18,12.62,enterprise,east,renewal,1
REC-000197,34138.51,348,44.99,mid_market,east,renewal,0
REC-000198,33000.03,204,31.44,mid_market,south,new,1
REC-000199,4124.77,288,11.78,mid_market,west,new,0
REC-000200,21465.24,38,45.2,smb,west,new,0
REC-000201,97436.56,282,54.22,mid_market,south,expansion,0
REC-000202,41102.53,186,50.88,enterprise,south,new,1
REC-000203,21502.62,294,36.89,smb,south,expansion,0
REC-000204,3440.14,246,52.57,mid_market,north,new,0
REC-000205,42870.12,349,51.74,enterprise,south,new,0
REC-000206,7031.35,85,16.2,smb,south,renewal,0
REC-000207,23574.55,41,25.06,smb,east,new,0
REC-000208,30479.3,329,16.86,smb,south,new,0
REC-000209,92767.69,289,4.12,enterprise,north,new,0
REC-000210,56864.48,108,76.7,mid_market,north,renewal,0
REC-000211,30562.36,155,48.29,smb,west,renewal,1
REC-000212,39202.25,213,48.43,enterprise,east,expansion,1
REC-000213,86385.66,177,97.54,enterprise,east,expansion,1
REC-000214,9205.59,137,44.96,enterprise,north,new,1
REC-000215,10146.78,128,96.27,enterprise,east,expansion,0
REC-000216,8523.38,264,46.68,mid_market,west,new,1
REC-000217,13277.91,124,21.51,mid_market,north,new,1
REC-000218,108753.78,345,47.06,smb,north,new,0
REC-000219,64269.55,206,5.12,smb,south,renewal,0
REC-000220,2407.41,282,27.97,smb,north,new,0
REC-000221,5818.97,174,55.78,mid_market,south,new,0
REC-000222,16908.92,20,13.7,mid_market,west,expansion,0
REC-000223,38730.43,168,93.14,mid_market,south,renewal,0
REC-000224,53040.34,173,50.73,smb,west,expansion,0
REC-000225,20625.81,170,67.38,mid_market,east,expansion,0
REC-000226,50271.16,136,96.71,smb,south,expansion,1
REC-000227,19816.16,318,77.46,mid_market,south,expansion,1
REC-000228,41091.82,98,1.89,mid_market,west,new,0
REC-000229,4771.84,314,92.05,smb,north,expansion,1
REC-000230,7217.19,340,47.84,mid_market,east,new,0
REC-000231,26579.05,347,77.2,smb,east,expansion,0
REC-000232,112676.79,153,22.49,mid_market,east,expansion,1
REC-000233,47684.71,179,56.05,smb,east,renewal,1
REC-000234,45830.45,203,81.84,enterprise,east,new,1
REC-000235,51177.21,227,65.6,smb,west,new,0
REC-000236,96974.65,357,27.16,enterprise,south,new,1
REC-000237,84671.21,120,5.25,mid_market,east,expansion,0
REC-000238,37819.13,282,97.79,enterprise,west,expansion,0
REC-000239,141976.87,103,75.59,mid_market,east,renewal,1
REC-000240,33202.67,20,91.32,enterprise,west,new,0
REC-000241,54757.86,149,87.67,enterprise,east,expansion,1
REC-000242,115619.37,233,98.91,smb,west,new,0
REC-000243,19891.57,58,33.07,smb,west,expansion,1
REC-000244,1026.7,152,56.78,enterprise,south,expansion,0
REC-000245,22995.55,343,9.54,enterprise,west,renewal,0
REC-000246,2810.85,229,75.38,mid_market,east,expansion,0
REC-000247,37380.63,61,46.54,enterprise,west,expansion,0
REC-000248,12693.95,152,36.75,enterprise,south,new,0
REC-000249,7397.83,242,75.74,smb,south,new,0
REC-000250,70232.75,270,44.67,smb,east,new,0
REC-000251,80776.32,275,14.99,mid_market,west,new,0
REC-000252,65643.05,262,44.55,enterprise,west,new,0
REC-000253,19575.19,237,67.28,mid_market,north,renewal,1
REC-000254,3273.13,359,6.38,enterprise,north,renewal,1
REC-000255,7981.8,329,97.83,smb,west,renewal,0
REC-000256,2165.73,194,37.56,smb,south,expansion,0
REC-000257,16069.04,115,83.48,enterprise,east,renewal,1
REC-000258,28123.12,118,24.75,mid_market,south,renewal,1
REC-000259,2276246.66,9,24.07,enterprise,north,expansion,1
REC-000260,51433.93,25,24.47,enterprise,west,renewal,1
REC-000261,2206.75,149,23.42,smb,east,expansion,0
REC-000262,42342.37,155,87.63,smb,south,renewal,1
REC-000263,38794.04,254,4.69,mid_market,west,expansion,0
REC-000264,17101.37,193,18.39,smb,west,new,0
REC-000265,3814.26,238,91.47,smb,west,renewal,1
REC-000266,6351.16,105,33.03,enterprise,west,renewal,1
REC-000267,44977.08,138,37.72,smb,north,new,1
REC-000268,253376.88,287,21.7,enterprise,east,renewal,0
REC-000269,4128.29,105,39.66,enterprise,east,renewal,1
REC-000270,25213.71,134,35.96,mid_market,west,new,0
REC-000271,243050.81,164,91.43,mid_market,east,renewal,1
REC-000272,47682.21,152,15.24,mid_market,south,renewal,0
REC-000273,5135.32,351,33.76,mid_market,west,renewal,1
REC-000274,54924.75,280,48.83,smb,north,expansion,1
REC-000275,138250.46,212,13.75,smb,south,new,0
REC-000276,9378.75,342,93.39,mid_market,west,new,1
REC-000277,25197.19,272,72.22,smb,east,new,0
REC-000278,53859.99,92,10.7,enterprise,south,new,1
REC-000279,31838.18,137,79.49,enterprise,east,renewal,1
REC-000280,2483.53,154,68.4,enterprise,north,new,1
REC-000281,12049.65,327,0.95,enterprise,north,renewal,0
REC-000282,38468.99,49,89.48,enterprise,south,new,0
REC-000283,69022.26,139,4.66,enterprise,east,expansion,0
REC-000284,54395.11,365,82.09,enterprise,east,new,0
REC-000285,68868.19,347,89.65,mid_market,west,expansion,1
REC-000286,23848.08,28,9.77,enterprise,north,renewal,1
REC-000287,45459.02,168,2.96,mid_market,west,renewal,1
REC-000288,27406.07,96,67.97,smb,west,new,0
REC-000289,10951.63,38,8.2,enterprise,west,expansion,0
REC-000290,5127.98,185,10.66,enterprise,east,renewal,1
REC-000291,11126.06,96,43.1,smb,west,new,1
REC-000292,14552.3,307,78.44,mid_market,north,renewal,1
REC-000293,299785.12,287,90.52,enterprise,south,expansion,1
REC-000294,5826.55,253,14.59,enterprise,west,renewal,1
REC-000295,21079.18,129,94.42,smb,west,expansion,0
REC-000296,19429.96,4,94.88,mid_market,west,renewal,1
REC-000297,8008.14,334,97.42,enterprise,east,renewal,1
REC-000298,57791.32,91,96.46,mid_market,east,expansion,0
REC-000299,20856.86,125,32.59,mid_market,west,renewal,1
REC-000300,32956.21,280,17.99,smb,north,expansion,0
REC-000301,57230.73,150,83.13,enterprise,west,expansion,1
REC-000302,34636.65,338,15.41,mid_market,west,new,0
REC-000303,40265.59,274,50.66,smb,west,expansion,1
REC-000304,159294.46,44,10.94,enterprise,east,new,0
REC-000305,47129.78,170,96.57,mid_market,north,new,1
REC-000306,1305.16,286,58.05,smb,south,renewal,1
REC-000307,16372.91,354,50.05,mid_market,north,renewal,1
REC-000308,5767.47,234,78.43,smb,west,renewal,1
REC-000309,13033.41,164,6.72,enterprise,north,new,0
REC-000310,71636.68,85,92.99,smb,south,expansion,1
REC-000311,3020.03,237,23.19,mid_market,south,new,0
REC-000312,18400.09,315,88.31,mid_market,west,renewal,1
REC-000313,7966.61,361,80.87,enterprise,north,expansion,1
REC-000314,9647.95,135,67.07,mid_market,east,expansion,0
REC-000315,16120.13,181,84.55,smb,south,expansion,0
REC-000316,5698.49,44,67.21,mid_market,north,new,0
REC-000317,1539.91,262,38.85,smb,south,expansion,0
REC-000318,2395.81,356,91.92,enterprise,south,renewal,1
REC-000319,216417.09,5,48.46,enterprise,west,expansion,0
REC-000320,21140.53,213,71.01,mid_market,west,new,1
REC-000321,10532.28,276,28.87,mid_market,west,expansion,0
REC-000322,28440.86,279,82.33,mid_market,north,expansion,0
REC-000323,6248.24,335,75.13,mid_market,north,renewal,1
REC-000324,60825.77,302,68.91,smb,west,new,0
REC-000325,137062.72,273,28.11,smb,south,renewal,0
REC-000326,6317.62,264,98.55,smb,north,new,0
REC-000327,2363.85,127,76.15,smb,west,renewal,1
REC-000328,55018.43,193,45.2,smb,north,renewal,0
REC-000329,308455.26,235,63.48,smb,east,new,0
REC-000330,115193.5,166,82.83,mid_market,south,expansion,0
REC-000331,160873.14,9,12.42,enterprise,west,renewal,1
REC-000332,38524.42,333,30.19,mid_market,north,expansion,0
REC-000333,32995.3,321,30.55,smb,south,renewal,0
REC-000334,20561.7,116,51.94,mid_market,north,new,0
REC-000335,17494.53,37,22.89,enterprise,north,new,1
REC-000336,68610.61,69,64.16,smb,south,new,0
REC-000337,12640.62,322,74.83,mid_market,west,new,1
REC-000338,32022.93,220,31.45,enterprise,south,renewal,0
REC-000339,4340.93,312,28.49,smb,north,expansion,0
REC-000340,3202.45,97,74.78,mid_market,north,new,1
REC-000341,3006.75,305,7.1,enterprise,east,renewal,1
REC-000342,189312.17,188,54.64,enterprise,west,new,1
REC-000343,4874.02,21,92.26,mid_market,east,expansion,0
REC-000344,72579.66,206,8.24,smb,south,renewal,1
REC-000345,7495.04,333,68.11,enterprise,east,expansion,0
REC-000346,101978.64,126,8.62,mid_market,north,renewal,0
REC-000347,36075.67,7,70.79,smb,north,new,1
REC-000348,9729.42,133,16.7,enterprise,east,expansion,0
REC-000349,65219.77,33,26.29,smb,north,renewal,1
REC-000350,10728.69,291,16.69,enterprise,east,new,0
REC-000351,36551.46,261,0.26,enterprise,south,new,0
REC-000352,15455.13,19,55.29,smb,west,new,0
REC-000353,10194.24,139,82.6,smb,east,new,0
REC-000354,77679.58,265,98.14,mid_market,north,renewal,0
REC-000355,61152.64,45,55.31,enterprise,east,new,1
REC-000356,366319.68,125,46.39,smb,west,new,0
REC-000357,39625.58,78,0.64,mid_market,north,new,0
REC-000358,68953.33,5,95.1,enterprise,west,expansion,0
REC-000359,2521.08,122,41.98,enterprise,south,expansion,1
REC-000360,4783.0,267,41.31,mid_market,west,expansion,1
REC-000361,29997.82,67,23.68,mid_market,east,renewal,0
REC-000362,53535.38,140,23.36,enterprise,south,expansion,1
REC-000363,3485.75,161,40.65,smb,east,new,0
REC-000364,11621.59,47,15.76,smb,east,expansion,0
REC-000365,13526.23,128,96.84,mid_market,north,expansion,1
REC-000366,59696.96,208,85.46,smb,south,new,0
REC-000367,54671.67,7,6.17,enterprise,south,new,0
REC-000368,9051.92,331,8.4,smb,east,new,1
REC-000369,18637.16,170,12.25,mid_market,north,new,0
REC-000370,11799.44,255,2.95,smb,west,new,0
REC-000371,93824.88,229,88.34,enterprise,south,expansion,1
REC-000372,13305.9,32,8.77,mid_market,south,renewal,1
REC-000373,177622.46,323,99.41,smb,north,renewal,0
REC-000374,9937.19,249,34.4,smb,east,renewal,1
REC-000375,1157.37,242,52.94,smb,south,new,1
REC-000376,38190.34,29,76.4,enterprise,west,renewal,0
REC-000377,8151.52,358,35.88,smb,north,expansion,0
REC-000378,308392.89,289,94.84,mid_market,east,new,0
REC-000379,5574.65,113,1.99,mid_market,north,renewal,0
REC-000380,9104.21,91,91.88,mid_market,north,new,1
REC-000381,40687.31,57,84.65,mid_market,north,renewal,1
REC-000382,60345.89,173,30.18,enterprise,south,expansion,0
REC-000383,35061.71,288,69.36,smb,east,new,0
REC-000384,80962.41,353,29.45,enterprise,north,expansion,0
REC-000385,619552.16,314,22.09,smb,north,renewal,1
REC-000386,50439.29,164,16.79,enterprise,east,renewal,1
REC-000387,1929.78,180,25.67,enterprise,north,new,1
REC-000388,155145.61,194,35.12,mid_market,north,renewal,0
REC-000389,50555.87,116,16.27,enterprise,north,renewal,1
REC-000390,11085.67,176,17.01,mid_market,south,expansion,1
REC-000391,13223.78,311,88.98,enterprise,north,new,1
REC-000392,173958.44,284,72.2,smb,east,expansion,1
REC-000393,69788.91,79,5.45,enterprise,west,new,1
REC-000394,62497.08,103,9.7,enterprise,south,expansion,1
REC-000395,9715.88,251,89.49,mid_market,north,expansion,0
REC-000396,12011.57,135,43.97,mid_market,south,renewal,0
REC-000397,1144.04,50,8.57,mid_market,west,expansion,1
REC-000398,3486.83,268,41.86,smb,west,expansion,0
REC-000399,20613.05,18,50.21,smb,south,new,0
REC-000400,1678.42,86,97.22,enterprise,south,new,1
REC-000401,203906.97,322,14.79,smb,east,renewal,0
REC-000402,13659.41,167,85.66,smb,west,new,0
REC-000403,42755.65,215,11.25,enterprise,south,expansion,0
REC-000404,268443.77,52,78.57,smb,east,renewal,1
REC-000405,55864.83,243,3.75,mid_market,west,new,0
REC-000406,47939.88,203,88.96,mid_market,south,new,0
REC-000407,10891.92,252,85.82,smb,north,new,1
REC-000408,197064.77,165,26.94,mid_market,north,new,0
REC-000409,132532.74,249,75.95,mid_market,north,expansion,0
REC-000410,7095.8,269,87.93,enterprise,south,new,0
REC-000411,14064.09,189,82.35,smb,west,expansion,0
REC-000412,40741.74,251,59.4,enterprise,west,expansion,0
REC-000413,1865.43,133,74.9,smb,north,renewal,1
REC-000414,55078.22,114,64.74,smb,south,renewal,0
REC-000415,28352.4,350,0.89,enterprise,south,expansion,0
REC-000416,3587.07,157,71.27,smb,east,renewal,0
REC-000417,117281.21,112,46.67,smb,west,expansion,1
REC-000418,24046.62,192,56.15,smb,east,renewal,0
REC-000419,20520.88,142,64.06,mid_market,east,expansion,0
REC-000420,92960.57,77,51.73,enterprise,north,expansion,1
REC-000421,12838.56,14,65.54,mid_market,east,renewal,1
REC-000422,94935.03,293,81.6,mid_market,south,expansion,0
REC-000423,54050.17,88,84.06,smb,south,renewal,1
REC-000424,6054.5,287,76.29,enterprise,east,expansion,1
REC-000425,5136.5,158,42.05,mid_market,east,renewal,0
REC-000426,19817.0,28,86.64,smb,north,renewal,0
REC-000427,22231.62,196,52.98,mid_market,north,new,1
REC-000428,5970.75,292,89.28,mid_market,south,renewal,0
REC-000429,13230.63,232,27.35,enterprise,south,renewal,0
REC-000430,50356.8,223,63.35,mid_market,west,renewal,1
REC-000431,15816.21,165,75.68,smb,south,new,0
REC-000432,33995.69,356,87.7,mid_market,south,new,1
REC-000433,28967.42,24,29.82,mid_market,west,expansion,0
REC-000434,24577.46,352,99.55,mid_market,west,renewal,0
REC-000435,22328.03,365,65.05,enterprise,west,expansion,1
REC-000436,24196.03,25,66.2,smb,north,new,0
REC-000437,15590.83,281,25.27,smb,south,new,0
REC-000438,35589.53,339,10.1,smb,east,expansion,0
REC-000439,6220.72,103,77.8,smb,south,renewal,1
REC-000440,12730.75,255,91.04,smb,west,renewal,1
REC-000441,2092.11,253,14.91,enterprise,north,expansion,0
REC-000442,411949.74,234,98.87,mid_market,east,renewal,1
REC-000443,90833.69,347,31.27,smb,north,new,0
REC-000444,1575.76,169,35.75,mid_market,east,expansion,1
REC-000445,59389.9,206,40.03,mid_market,east,renewal,0
REC-000446,19994.03,86,11.31,smb,north,new,1
REC-000447,170337.05,292,67.84,enterprise,west,renewal,0
REC-000448,20230.34,211,44.07,enterprise,east,expansion,1
REC-000449,112923.29,296,72.38,enterprise,east,expansion,1
REC-000450,38967.59,339,72.67,mid_market,east,expansion,0
REC-000451,3496.74,286,89.21,smb,north,new,0
REC-000452,2560.5,124,33.09,mid_market,north,expansion,1
REC-000453,40865.34,121,7.88,mid_market,west,new,0
REC-000454,18872.18,255,74.52,enterprise,north,renewal,1
REC-000455,1541.0,317,63.75,smb,south,expansion,0
REC-000456,135982.33,28,81.66,mid_market,east,expansion,0
REC-000457,54597.83,187,71.59,enterprise,north,expansion,1
REC-000458,1998.72,150,54.77,mid_market,north,new,0
REC-000459,19742.88,210,10.7,smb,south,new,1
REC-000460,69939.68,98,71.68,enterprise,west,new,0
REC-000461,182029.21,231,45.74,smb,south,renewal,1
REC-000462,85864.55,222,83.88,mid_market,south,expansion,0
REC-000463,43498.98,199,65.75,smb,east,expansion,0
REC-000464,12896.56,355,76.24,mid_market,west,renewal,0
REC-000465,19148.58,212,60.25,smb,east,expansion,0
REC-000466,3570.59,284,63.26,enterprise,south,expansion,0
REC-000467,842.25,92,50.39,smb,east,expansion,1
REC-000468,10596.28,293,94.27,smb,west,expansion,0
REC-000469,75377.19,217,80.83,smb,north,new,1
REC-000470,1344.92,147,68.34,enterprise,north,expansion,0
REC-000471,4187.75,184,81.4,enterprise,south,expansion,0
REC-000472,12275.68,357,28.76,smb,north,renewal,1
REC-000473,7507.02,7,74.37,enterprise,west,new,0
REC-000474,98162.31,302,54.66,smb,south,expansion,0
REC-000475,11569.39,350,7.45,enterprise,north,renewal,1
REC-000476,10172.61,83,58.4,mid_market,north,renewal,1
REC-000477,339803.97,321,61.56,smb,east,renewal,0
REC-000478,25316.8,363,31.79,enterprise,south,expansion,1
REC-000479,22531.0,275,40.34,mid_market,south,new,0
REC-000480,11903.97,317,53.05,smb,north,new,0
REC-000481,5095.09,315,91.86,enterprise,north,expansion,0
REC-000482,4925.08,59,38.59,smb,east,new,0
REC-000483,82960.5,261,44.56,enterprise,east,expansion,1
REC-000484,43932.55,86,97.16,smb,north,expansion,1
REC-000485,152649.45,351,42.42,enterprise,south,expansion,0
REC-000486,8871.09,37,74.69,enterprise,north,renewal,1
REC-000487,7276.14,37,57.5,enterprise,east,renewal,1
REC-000488,39775.58,9,38.95,enterprise,north,expansion,0
REC-000489,10545.59,149,78.69,mid_market,north,renewal,0
REC-000490,16896.53,339,3.08,enterprise,south,new,0
REC-000491,5210.05,153,67.73,smb,east,new,0
REC-000492,25890.44,3,57.27,mid_market,north,renewal,1
REC-000493,212541.86,109,41.27,smb,south,new,1
REC-000494,32942.21,59,18.14,smb,north,expansion,0
REC-000495,26374.89,35,25.07,enterprise,west,renewal,1
REC-000496,39177.15,146,61.95,enterprise,east,renewal,1
REC-000497,33900.53,300,15.24,smb,east,renewal,0
REC-000498,6364.16,114,71.22,smb,west,renewal,0
REC-000499,134633.16,184,77.48,mid_market,north,new,0
REC-000500,4937.86,72,89.13,enterprise,east,expansion,0
REC-000501,1783.81,16,81.26,smb,west,expansion,1
REC-000502,4391.45,277,47.21,enterprise,east,renewal,1
REC-000503,304098.44,149,13.39,smb,north,renewal,1
REC-000504,155106.59,72,44.62,enterprise,south,expansion,0
REC-000505,52881.81,136,36.94,enterprise,south,expansion,0
REC-000506,11234.58,233,88.16,enterprise,east,new,0
REC-000507,30419.88,135,57.86,smb,south,renewal,0
REC-000508,8103.85,40,51.67,mid_market,south,expansion,0
REC-000509,76602.6,247,88.72,enterprise,south,renewal,1
REC-000510,8839.68,186,60.2,enterprise,south,renewal,0
REC-000511,65719.69,246,47.9,smb,south,expansion,0
REC-000512,27595.96,323,51.26,smb,south,new,1
REC-000513,208774.11,208,59.94,smb,north,expansion,0
REC-000514,3451.42,242,86.73,enterprise,south,renewal,1
REC-000515,1987.88,136,16.77,smb,east,renewal,0
REC-000516,3698.35,68,10.86,enterprise,west,new,0
REC-000517,180064.05,273,50.33,enterprise,north,renewal,0
REC-000518,207993.64,1,89.7,smb,west,expansion,1
REC-000519,535010.86,220,22.95,mid_market,west,renewal,0
REC-000520,298028.77,357,57.61,mid_market,south,renewal,0
REC-000521,16483.74,364,74.36,enterprise,north,expansion,1
REC-000522,78723.92,162,40.88,enterprise,south,renewal,1
REC-000523,16154.02,142,99.18,mid_market,south,renewal,1
REC-000524,26379.94,287,55.49,mid_market,east,expansion,0
REC-000525,162978.19,338,11.91,enterprise,west,expansion,0
REC-000526,2718.65,174,80.09,smb,north,new,1
REC-000527,131570.43,75,47.17,smb,west,new,1
REC-000528,10114.67,20,72.45,mid_market,east,expansion,0
REC-000529,4219.07,6,20.17,smb,east,new,1
REC-000530,37379.93,119,61.52,smb,north,renewal,1
REC-000531,11791.68,301,20.03,enterprise,north,new,0
REC-000532,82445.21,299,34.81,mid_market,south,expansion,0
REC-000533,18118.37,3,26.11,mid_market,north,expansion,1
REC-000534,41365.87,194,56.32,enterprise,east,renewal,0
REC-000535,20691.68,196,63.37,enterprise,south,renewal,1
REC-000536,9758.55,359,83.22,enterprise,east,new,1
REC-000537,58275.94,284,93.14,mid_market,east,renewal,1
REC-000538,27781.07,350,93.03,enterprise,west,expansion,1
REC-000539,8548.81,128,83.63,mid_market,south,new,1
REC-000540,21611.89,278,95.8,mid_market,east,expansion,1
REC-000541,28692.74,94,98.44,smb,east,renewal,1
REC-000542,27134.9,217,47.83,smb,north,expansion,0
REC-000543,19434.02,266,46.01,smb,north,new,0
REC-000544,15599.16,186,61.28,mid_market,south,expansion,0
REC-000545,13430.05,218,21.05,smb,east,renewal,0
REC-000546,11031.78,68,97.93,smb,south,new,0
REC-000547,127999.97,196,19.61,smb,south,renewal,0
REC-000548,4175.42,323,51.7,smb,east,renewal,1
REC-000549,31888.41,204,9.9,enterprise,north,new,0
REC-000550,18711.55,231,74.46,mid_market,east,renewal,1
REC-000551,98428.17,11,41.18,mid_market,south,expansion,0
REC-000552,35062.96,146,35.51,smb,west,expansion,0
REC-000553,1328.59,238,63.17,enterprise,south,expansion,0
REC-000554,7080.9,293,40.48,enterprise,north,new,1
REC-000555,5523.48,364,26.75,smb,west,renewal,0
REC-000556,83413.84,231,41.4,enterprise,north,new,0
REC-000557,38615.15,86,39.7,enterprise,north,renewal,1
REC-000558,2918.22,43,10.39,smb,south,new,0
REC-000559,92620.88,127,73.76,mid_market,south,new,0
REC-000560,284.88,244,46.72,smb,east,expansion,0
REC-000561,2792.73,324,74.89,smb,west,expansion,0
REC-000562,57213.16,247,53.97,enterprise,west,renewal,1
REC-000563,9067.84,1,52.33,enterprise,east,renewal,1
REC-000564,198674.99,5,76.59,mid_market,south,new,0
REC-000565,17751.73,331,38.97,mid_market,south,renewal,1
REC-000566,42922.36,314,80.76,smb,east,renewal,1
REC-000567,24647.33,97,85.35,enterprise,south,renewal,1
REC-000568,17854.42,359,62.28,enterprise,east,new,1
REC-000569,119742.25,65,71.52,smb,north,new,1
REC-000570,8452.13,256,99.8,mid_market,north,renewal,1
REC-000571,46868.42,137,77.57,enterprise,west,new,1
REC-000572,57642.61,128,38.48,mid_market,south,expansion,0
REC-000573,1182.41,49,52.11,enterprise,west,renewal,1
REC-000574,10783.33,323,72.82,smb,north,renewal,1
REC-000575,9803.89,27,86.37,enterprise,north,new,1
REC-000576,12805.82,142,58.47,mid_market,south,new,0
REC-000577,43245.6,353,59.62,mid_market,north,new,1
REC-000578,1398.11,321,6.01,mid_market,south,expansion,0
REC-000579,3063.68,163,98.17,smb,east,renewal,1
REC-000580,3042.74,69,25.07,enterprise,west,expansion,1
REC-000581,3852.02,98,56.67,smb,east,renewal,0
REC-000582,714.7,284,16.03,smb,south,renewal,1
REC-000583,8415.15,1,77.59,smb,west,expansion,1
REC-000584,55998.35,33,65.83,smb,west,new,0
REC-000585,21718.92,314,28.31,mid_market,east,new,1
REC-000586,33778.9,67,17.86,enterprise,south,new,0
REC-000587,1984.49,199,65.79,smb,east,new,0
REC-000588,29538.43,107,65.57,enterprise,west,expansion,1
REC-000589,247114.54,213,82.2,smb,north,expansion,1
REC-000590,75902.79,98,19.31,smb,south,expansion,0
REC-000591,816.85,213,74.61,smb,east,expansion,0
REC-000592,829744.56,86,79.25,smb,west,expansion,1
REC-000593,17563.55,162,55.01,mid_market,east,renewal,0
REC-000594,11480.75,312,24.07,smb,south,renewal,0
REC-000595,95812.58,232,44.75,mid_market,north,expansion,1
REC-000596,7546.54,354,82.23,smb,south,new,1
REC-000597,14312.54,188,88.96,enterprise,south,renewal,0
REC-000598,3828.94,112,73.43,smb,east,renewal,1
REC-000599,327791.58,296,81.95,enterprise,east,new,0
REC-000600,27255.68,29,92.19,mid_market,east,renewal,1
REC-000601,2906.41,309,92.87,smb,west,new,1
REC-000602,1692.08,77,32.68,smb,south,new,1
REC-000603,58779.9,229,75.28,smb,north,new,0
REC-000604,52309.3,173,8.25,smb,north,expansion,0
REC-000605,2583.14,358,13.04,enterprise,west,expansion,1
REC-000606,11749.91,288,61.6,smb,south,new,1
REC-000607,63111.36,295,8.96,smb,west,renewal,1
REC-000608,6534.9,336,2.42,mid_market,south,renewal,0
REC-000609,211353.23,75,44.05,enterprise,south,expansion,1
REC-000610,3572.7,12,33.19,smb,south,new,0
REC-000611,91842.46,319,72.99,enterprise,north,renewal,1
REC-000612,34198.44,88,6.01,enterprise,east,new,0
REC-000613,74945.84,338,36.02,enterprise,north,renewal,0
REC-000614,36318.47,195,50.85,smb,north,renewal,0
REC-000615,28969.56,102,50.07,mid_market,north,new,1
REC-000616,24675.88,202,74.44,enterprise,east,expansion,1
REC-000617,33587.66,257,27.59,enterprise,east,renewal,0
REC-000618,26806.7,78,34.18,mid_market,south,new,0
REC-000619,25992.57,321,68.65,mid_market,south,expansion,1
REC-000620,8436.64,106,65.25,smb,south,new,0
REC-000621,66737.99,70,43.01,enterprise,south,renewal,1
REC-000622,29801.78,95,31.76,enterprise,north,renewal,0
REC-000623,15127.78,227,74.56,smb,east,new,0
REC-000624,6366.47,314,61.69,smb,south,expansion,0
REC-000625,46748.36,353,77.98,enterprise,west,expansion,0
REC-000626,5839.37,243,13.75,enterprise,south,new,0
REC-000627,97745.68,344,98.82,enterprise,north,new,0
REC-000628,21198.07,235,88.76,mid_market,west,new,0
REC-000629,434880.06,202,61.15,smb,north,expansion,1
REC-000630,8889.74,126,51.87,mid_market,north,expansion,0
REC-000631,5302.57,156,77.37,mid_market,west,new,1
REC-000632,29969.15,265,90.37,mid_market,west,new,0
REC-000633,4445.87,231,2.49,mid_market,south,renewal,1
REC-000634,6074.11,365,79.65,smb,north,new,1
REC-000635,17954.62,269,70.73,smb,south,renewal,1
REC-000636,816.18,77,16.21,enterprise,south,expansion,1
REC-000637,3531.93,229,28.88,enterprise,north,new,0
REC-000638,21630.38,312,88.27,enterprise,south,expansion,0
REC-000639,17795.6,308,60.01,enterprise,east,expansion,0
REC-000640,62294.75,95,14.83,smb,east,new,1
REC-000641,32772.69,45,4.9,mid_market,south,new,0
REC-000642,55640.92,305,57.23,smb,south,renewal,0
REC-000643,15166.6,154,32.28,mid_market,north,renewal,0
REC-000644,2655.37,63,69.46,mid_market,east,expansion,0
REC-000645,8569.84,30,10.93,smb,north,renewal,0
REC-000646,78662.6,362,28.72,smb,east,renewal,0
REC-000647,158172.91,67,61.43,mid_market,west,renewal,0
REC-000648,79756.06,149,97.93,enterprise,north,new,1
REC-000649,403738.84,107,79.96,mid_market,west,new,1
REC-000650,33822.38,6,64.06,smb,east,renewal,0
REC-000651,8080.99,166,76.7,enterprise,east,renewal,1
REC-000652,1879323.37,90,19.4,mid_market,west,renewal,0
REC-000653,45381.46,322,46.06,smb,east,renewal,0
REC-000654,9319.08,267,29.93,smb,east,expansion,0
REC-000655,2024.35,182,6.62,enterprise,east,new,1
REC-000656,11055.3,85,57.1,mid_market,south,expansion,1
REC-000657,62966.6,162,70.98,mid_market,west,new,1
REC-000658,6426.81,155,21.61,mid_market,south,new,0
REC-000659,2638.22,248,90.5,enterprise,south,renewal,0
REC-000660,77312.62,168,14.33,enterprise,south,new,0
REC-000661,15288.07,268,11.58,mid_market,north,expansion,0
REC-000662,92533.02,24,10.31,smb,east,new,0
REC-000663,12446.07,142,53.23,mid_market,north,renewal,1
REC-000664,42237.13,106,54.25,smb,east,renewal,1
REC-000665,45875.81,126,17.13,mid_market,east,expansion,0
REC-000666,3646.1,346,5.05,mid_market,north,new,0
REC-000667,2848.81,304,62.95,smb,west,expansion,0
REC-000668,12860.59,344,80.93,enterprise,west,expansion,1
REC-000669,18959.3,351,64.44,mid_market,west,new,0
REC-000670,8282.62,94,69.96,smb,east,renewal,1
REC-000671,2199.79,180,47.87,enterprise,east,renewal,1
REC-000672,6134.92,155,53.27,mid_market,west,new,0
REC-000673,2485455.73,197,6.61,enterprise,west,renewal,1
REC-000674,5839.6,89,66.26,enterprise,west,new,0
REC-000675,17773.59,228,17.62,mid_market,north,expansion,1
REC-000676,755015.22,195,32.74,smb,north,new,0
REC-000677,2400.98,326,80.98,enterprise,south,renewal,1
REC-000678,11262.57,101,20.57,mid_market,east,expansion,0
REC-000679,38098.96,262,40.42,enterprise,east,new,0
REC-000680,25156.05,361,56.0,mid_market,north,renewal,0
REC-000681,2235.12,202,62.52,smb,west,renewal,1
REC-000682,31070.02,244,13.91,smb,west,renewal,0
REC-000683,36516.08,37,64.84,enterprise,west,expansion,1
REC-000684,41217.28,234,89.36,smb,west,expansion,1
REC-000685,23250.57,231,38.47,enterprise,south,renewal,0
REC-000686,81565.51,122,71.21,mid_market,west,expansion,0
REC-000687,20574.57,298,48.15,smb,north,new,0
REC-000688,35708.94,144,46.49,enterprise,north,new,0
REC-000689,1136.93,297,31.25,enterprise,east,expansion,0
REC-000690,18687.64,241,57.4,mid_market,west,renewal,0
REC-000691,64839.03,19,69.51,smb,east,expansion,0
REC-000692,4175.82,297,16.91,enterprise,east,expansion,0
REC-000693,12113.55,259,7.69,mid_market,east,new,0
REC-000694,10112.6,58,60.38,smb,south,expansion,0
REC-000695,64363.81,359,23.62,enterprise,north,renewal,0
REC-000696,66699.79,197,23.79,mid_market,south,new,0
REC-000697,765.51,27,16.76,mid_market,west,renewal,1
REC-000698,2526.21,200,47.46,enterprise,west,new,1
REC-000699,75960.9,162,96.18,smb,north,new,0
REC-000700,2586.95,140,33.5,mid_market,north,renewal,0
REC-000701,6407.91,124,73.43,smb,south,expansion,1
REC-000702,40017.14,281,1.06,enterprise,north,new,0
REC-000703,27084.48,180,21.94,mid_market,east,new,1
REC-000704,30508.93,305,65.66,enterprise,north,expansion,0
REC-000705,1491.58,193,65.64,smb,south,new,0
REC-000706,6695.69,39,63.88,mid_market,west,expansion,0
REC-000707,61477.98,83,78.07,mid_market,north,renewal,1
REC-000708,58638.51,36,49.17,enterprise,west,new,0
REC-000709,2456.52,221,21.84,smb,north,renewal,0
REC-000710,28140.97,229,1.88,mid_market,south,expansion,0
REC-000711,2969.67,201,57.46,smb,west,renewal,1
REC-000712,108760.57,2,38.44,smb,west,new,0
REC-000713,126279.43,350,30.28,enterprise,north,renewal,1
REC-000714,14117.77,332,20.31,smb,north,renewal,0
REC-000715,9427.5,55,63.06,mid_market,west,new,0
REC-000716,18089.93,19,19.31,smb,south,renewal,1
REC-000717,182135.34,256,53.39,mid_market,north,new,0
REC-000718,4930.38,208,11.82,smb,west,expansion,0
REC-000719,31676.41,120,92.48,enterprise,south,renewal,1
REC-000720,8925.04,24,24.27,smb,south,new,1
REC-000721,4138.39,50,45.62,enterprise,north,new,1
REC-000722,41599.99,33,80.45,mid_market,east,expansion,0
REC-000723,27628.55,110,76.42,smb,south,renewal,1
REC-000724,1998.54,87,69.63,smb,south,renewal,1
REC-000725,28097.65,324,61.24,enterprise,north,renewal,1
REC-000726,81592.23,146,41.62,mid_market,south,new,1
REC-000727,7536.57,123,93.81,smb,north,expansion,1
REC-000728,21898.7,322,82.65,mid_market,east,renewal,1
REC-000729,10189.77,272,97.68,smb,east,expansion,0
REC-000730,17214.09,107,27.64,enterprise,north,new,0
REC-000731,218415.09,91,15.98,enterprise,north,expansion,1
REC-000732,8117.25,316,80.52,mid_market,north,new,0
REC-000733,91737.19,60,7.09,enterprise,west,expansion,0
REC-000734,9667.56,167,23.01,enterprise,east,new,1
REC-000735,14603.56,242,58.51,enterprise,west,new,1
REC-000736,31026.9,192,13.64,smb,south,expansion,0
REC-000737,9023.71,17,69.22,enterprise,east,new,1
REC-000738,18912.01,176,21.99,mid_market,south,expansion,0
REC-000739,261415.23,284,85.5,enterprise,west,expansion,1
REC-000740,73351.55,220,73.62,enterprise,south,renewal,1
REC-000741,128048.67,23,4.01,mid_market,north,renewal,1
REC-000742,16913.85,51,45.24,enterprise,north,expansion,0
REC-000743,50902.5,112,13.27,mid_market,south,expansion,0
REC-000744,4405.05,293,74.73,enterprise,west,renewal,1
REC-000745,111228.2,190,62.68,smb,north,expansion,1
REC-000746,100474.56,17,29.66,mid_market,south,expansion,1
REC-000747,1217126.6,57,38.3,mid_market,north,renewal,1
REC-000748,80174.45,288,70.93,enterprise,south,renewal,1
REC-000749,3272.02,298,87.11,smb,south,expansion,0
REC-000750,238.31,258,68.02,mid_market,north,new,0
REC-000751,17229.27,63,47.02,smb,east,renewal,0
REC-000752,19577.76,92,28.84,enterprise,north,new,1
REC-000753,60289.08,105,52.07,smb,north,renewal,1
REC-000754,19617.9,331,2.15,enterprise,north,new,0
REC-000755,41473.22,176,65.58,mid_market,west,expansion,0
REC-000756,26158.21,235,30.41,enterprise,east,new,0
REC-000757,7191.37,148,76.97,enterprise,south,renewal,1
REC-000758,3366.22,94,97.32,smb,south,new,1
REC-000759,3913.45,65,44.09,mid_market,south,new,0
REC-000760,3816.25,177,14.79,mid_market,south,expansion,0
REC-000761,135534.5,256,76.85,mid_market,east,new,1
REC-000762,5044.24,243,89.6,smb,south,expansion,0
REC-000763,113915.31,58,73.16,enterprise,south,expansion,1
REC-000764,9649.46,113,44.6,enterprise,east,new,0
REC-000765,4202.72,143,19.57,enterprise,west,expansion,0
REC-000766,2502.71,100,49.05,smb,north,expansion,0
REC-000767,12901.36,146,34.49,mid_market,west,expansion,1
REC-000768,63257.83,213,80.37,mid_market,south,expansion,0
REC-000769,3319.48,72,83.55,smb,north,new,1
REC-000770,13451.74,172,6.61,smb,west,new,1
REC-000771,36009.59,90,55.58,smb,south,new,1
REC-000772,11137.22,22,82.28,mid_market,east,renewal,1
REC-000773,19997.39,2,15.4,mid_market,west,new,0
REC-000774,124708.86,252,90.68,smb,south,new,1
REC-000775,35603.1,133,62.8,mid_market,north,renewal,1
REC-000776,77016.94,84,58.17,enterprise,east,renewal,0
REC-000777,7179.26,140,36.12,smb,east,new,1
REC-000778,72880.05,264,19.38,smb,south,new,0
REC-000779,6219.91,162,82.68,smb,east,renewal,1
REC-000780,37648.24,297,35.16,enterprise,north,new,0
REC-000781,11679.81,175,92.09,enterprise,north,new,1
REC-000782,9097.3,287,61.34,smb,north,renewal,0
REC-000783,178681.84,160,69.11,enterprise,west,expansion,0
REC-000784,3081.48,61,22.24,smb,south,expansion,1
REC-000785,7270.37,41,42.48,enterprise,north,new,0
REC-000786,22853.76,61,90.85,enterprise,north,renewal,1
REC-000787,446794.51,309,20.54,enterprise,south,expansion,0
REC-000788,13815.5,257,78.08,smb,south,expansion,0
REC-000789,1909.57,8,52.88,smb,south,renewal,1
REC-000790,17755.67,95,43.97,enterprise,south,renewal,0
REC-000791,14733.38,209,11.28,mid_market,north,renewal,1
REC-000792,72373.29,21,8.22,mid_market,north,renewal,1
REC-000793,32063.88,228,22.59,mid_market,east,renewal,1
REC-000794,18122.94,92,1.28,smb,west,expansion,1
REC-000795,13810.54,44,11.92,mid_market,west,expansion,0
REC-000796,139939.55,305,84.4,mid_market,north,new,0
REC-000797,49178.77,298,59.36,smb,west,renewal,0
REC-000798,34398.19,249,51.14,enterprise,west,new,1
REC-000799,21254.87,69,2.97,smb,north,new,0
REC-000800,32855.1,156,62.2,enterprise,north,expansion,0
REC-000801,610464.29,104,29.36,mid_market,west,expansion,1
REC-000802,1251.71,280,1.77,enterprise,west,new,0
REC-000803,10248.17,236,3.6,enterprise,east,expansion,1
REC-000804,16993.0,200,48.75,enterprise,west,expansion,0
REC-000805,26667.34,288,85.44,smb,north,renewal,1
REC-000806,32097.79,347,35.28,mid_market,east,new,1
REC-000807,4877.38,14,76.52,smb,east,renewal,1
REC-000808,11847.92,180,5.64,enterprise,south,new,0
REC-000809,314004.56,34,86.89,enterprise,east,new,1
REC-000810,9604.5,217,56.8,mid_market,east,new,0
REC-000811,13147.41,294,9.77,mid_market,north,expansion,0
REC-000812,9424.73,342,33.95,smb,east,renewal,0
REC-000813,2683.3,39,84.04,smb,south,renewal,1
REC-000814,6483.86,116,62.46,enterprise,north,expansion,1
REC-000815,20322.17,40,65.15,mid_market,east,renewal,0
REC-000816,9700.57,129,62.5,mid_market,south,new,0
REC-000817,23186.45,256,21.3,smb,west,renewal,0
REC-000818,27401.81,223,93.46,smb,north,expansion,1
REC-000819,19397.91,351,76.55,mid_market,west,renewal,0
REC-000820,396359.23,212,26.69,mid_market,south,renewal,0
REC-000821,9030.28,77,19.19,enterprise,east,renewal,1
REC-000822,196288.27,19,20.2,mid_market,south,new,1
REC-000823,217158.63,91,64.43,enterprise,west,new,1
REC-000824,97455.06,153,86.72,mid_market,east,expansion,0
REC-000825,43104.88,58,57.1,smb,north,expansion,0
REC-000826,55283.1,269,25.18,enterprise,south,expansion,1
REC-000827,71442.63,300,73.72,smb,south,renewal,1
REC-000828,6078.83,141,43.95,mid_market,north,renewal,1
REC-000829,39304.31,280,42.38,smb,south,renewal,0
REC-000830,128699.22,189,82.14,enterprise,north,expansion,0
REC-000831,58538.68,283,38.47,smb,east,expansion,1
REC-000832,914.71,202,92.75,mid_market,east,new,0
REC-000833,56392.08,83,91.59,smb,east,expansion,1
REC-000834,19404.85,171,71.74,enterprise,south,expansion,1
REC-000835,3207.37,281,73.78,mid_market,north,new,0
REC-000836,5104.31,329,13.61,mid_market,south,expansion,0
REC-000837,27430.06,128,51.64,smb,south,expansion,0
REC-000838,66599.65,245,87.35,enterprise,east,new,0
REC-000839,5858.36,94,39.35,mid_market,south,new,0
REC-000840,727897.77,237,19.83,smb,south,new,0
REC-000841,17200.85,46,95.8,enterprise,north,new,0
REC-000842,2736.93,233,82.73,mid_market,north,new,0
REC-000843,61058.23,254,38.21,mid_market,south,expansion,0
REC-000844,465837.02,97,41.83,mid_market,south,new,1
REC-000845,4432.58,128,36.96,smb,west,new,1
REC-000846,5460.51,355,39.76,enterprise,west,expansion,0
REC-000847,28848.86,286,5.88,mid_market,south,renewal,0
REC-000848,4160.16,155,97.75,smb,east,new,0
REC-000849,31740.32,134,16.99,mid_market,east,renewal,1
REC-000850,8094.13,73,26.04,mid_market,north,new,0
REC-000851,119873.46,185,92.62,mid_market,east,expansion,0
REC-000852,213908.16,224,89.27,mid_market,west,new,0
REC-000853,440081.97,226,5.32,enterprise,north,new,1
REC-000854,20099.85,240,43.64,mid_market,north,renewal,1
REC-000855,62621.07,253,11.25,smb,south,new,0
REC-000856,7593.52,87,74.99,mid_market,south,expansion,0
REC-000857,5993.89,49,88.74,enterprise,east,expansion,0
REC-000858,4662.08,55,83.7,enterprise,north,new,1
REC-000859,61548.37,322,95.52,smb,north,renewal,0
REC-000860,4112.21,292,12.93,enterprise,east,renewal,0
REC-000861,88026.85,309,38.14,mid_market,east,new,0
REC-000862,70238.51,11,85.23,enterprise,west,renewal,1
REC-000863,144161.95,62,29.85,mid_market,east,expansion,0
REC-000864,14745.77,189,51.27,mid_market,west,renewal,0
REC-000865,29180.47,217,81.1,smb,south,renewal,1
REC-000866,2559.68,238,67.64,smb,south,renewal,0
REC-000867,33308.98,240,43.74,mid_market,east,new,0
REC-000868,43388.86,128,52.31,mid_market,north,expansion,1
REC-000869,17794.05,339,72.03,mid_market,east,renewal,1
REC-000870,69723.19,94,84.29,enterprise,north,renewal,1
REC-000871,6238.9,233,75.74,mid_market,east,renewal,0
REC-000872,71371.26,95,7.82,smb,east,expansion,1
REC-000873,24076.22,60,1.33,smb,west,renewal,0
REC-000874,36710.12,317,81.31,smb,east,expansion,0
REC-000875,49483.04,155,8.76,enterprise,north,new,1
REC-000876,70847.26,333,14.52,enterprise,west,expansion,0
REC-000877,24554.17,238,14.82,mid_market,north,new,1
REC-000878,1088.5,249,47.15,mid_market,south,new,0
REC-000879,88765.4,171,0.79,smb,west,renewal,0
REC-000880,99655.93,284,99.9,enterprise,west,renewal,1
REC-000881,40255.66,348,90.51,mid_market,south,expansion,1
REC-000882,26560.43,332,41.71,mid_market,north,renewal,0
REC-000883,43558.37,224,2.08,mid_market,south,renewal,1
REC-000884,9104.47,351,33.92,smb,west,new,0
REC-000885,56459.55,214,83.31,smb,east,renewal,0
REC-000886,229686.53,145,69.07,enterprise,west,new,1
REC-000887,3859.95,213,94.31,mid_market,east,new,1
REC-000888,101163.53,82,17.47,smb,north,new,0
REC-000889,6096.26,288,22.41,mid_market,east,renewal,0
REC-000890,105767.89,78,85.34,smb,north,expansion,1
REC-000891,161553.98,53,82.36,enterprise,north,new,1
REC-000892,6331.15,227,76.2,mid_market,north,new,0
REC-000893,13445.39,104,43.91,mid_market,north,new,0
REC-000894,20029.88,88,8.52,mid_market,west,renewal,0
REC-000895,1549.75,272,42.17,enterprise,south,renewal,1
REC-000896,14311.55,265,79.46,mid_market,north,renewal,1
REC-000897,156798.34,329,15.1,smb,north,expansion,0
REC-000898,178894.5,349,70.08,mid_market,east,renewal,1
REC-000899,6633.7,76,70.03,mid_market,south,expansion,0
REC-000900,37993.78,177,88.77,smb,west,new,0
REC-000901,2180.53,200,72.51,smb,south,expansion,0
REC-000902,11933.37,283,31.23,mid_market,south,new,1
REC-000903,143341.59,124,83.22,mid_market,west,expansion,1
REC-000904,3619.24,322,50.75,enterprise,north,expansion,0
REC-000905,16179.07,3,45.31,enterprise,south,renewal,1
REC-000906,224769.88,294,67.24,smb,west,expansion,0
REC-000907,2694.97,99,82.28,mid_market,west,new,1
REC-000908,15911.12,48,6.22,enterprise,west,new,1
REC-000909,10829.51,302,55.9,mid_market,east,expansion,0
REC-000910,15491.74,251,73.17,mid_market,south,new,0
REC-000911,20490.22,361,51.32,smb,north,expansion,0
REC-000912,16806.73,287,36.93,enterprise,west,new,1
REC-000913,26700.11,79,11.77,mid_market,east,renewal,1
REC-000914,77880.49,157,88.91,enterprise,south,expansion,1
REC-000915,4953.9,23,41.76,smb,east,expansion,0
REC-000916,11268.91,311,13.28,enterprise,west,renewal,0
REC-000917,796.97,46,79.98,smb,west,renewal,1
REC-000918,12253.56,344,89.0,smb,east,expansion,1
REC-000919,95402.24,159,56.1,enterprise,north,new,0
REC-000920,34342.41,292,52.18,mid_market,north,new,0
REC-000921,194671.53,141,78.68,enterprise,west,new,0
REC-000922,34879.63,24,49.15,enterprise,east,renewal,1
REC-000923,1645.42,196,25.72,enterprise,north,expansion,1
REC-000924,6435.27,46,15.42,mid_market,south,new,0
REC-000925,13875.3,30,29.8,enterprise,east,new,1
REC-000926,10675.03,62,5.19,enterprise,south,renewal,1
REC-000927,27574.72,138,6.06,mid_market,west,new,0
REC-000928,16144.6,10,26.92,smb,north,new,0
REC-000929,34406.06,291,40.67,enterprise,south,new,0
REC-000930,26045.99,285,45.17,enterprise,west,expansion,1
REC-000931,189913.83,307,25.09,smb,west,renewal,0
REC-000932,11259.06,274,56.31,mid_market,north,renewal,0
REC-000933,485745.91,144,87.83,enterprise,east,expansion,0
REC-000934,45953.27,340,98.3,mid_market,south,renewal,0
REC-000935,35348.73,251,76.25,smb,north,expansion,0
REC-000936,55591.95,344,44.52,enterprise,east,renewal,0
REC-000937,14126.36,357,98.38,enterprise,west,renewal,0
REC-000938,18339.26,11,75.84,smb,east,new,1
REC-000939,33487.67,114,23.43,mid_market,east,new,1
REC-000940,8680.18,327,39.61,mid_market,west,new,0
REC-000941,56788.07,350,60.3,enterprise,north,expansion,1
REC-000942,4857.41,292,85.55,smb,east,new,0
REC-000943,72133.97,349,56.01,mid_market,north,renewal,0
REC-000944,161086.12,209,27.4,smb,west,renewal,1
REC-000945,8253.14,216,53.24,mid_market,north,renewal,1
REC-000946,1784.23,13,99.03,enterprise,west,new,0
REC-000947,6885.21,33,62.6,enterprise,north,renewal,1
REC-000948,6399.8,175,83.25,mid_market,south,new,0
REC-000949,81167.64,321,44.65,enterprise,north,new,0
REC-000950,1248.44,356,6.5,enterprise,north,renewal,1
REC-000951,36371.94,53,67.76,smb,north,renewal,0
REC-000952,11372.0,211,23.31,smb,north,renewal,1
REC-000953,35052.47,346,78.29,mid_market,east,expansion,1
REC-000954,1762.48,35,59.29,enterprise,south,expansion,0
REC-000955,10747.76,318,44.46,enterprise,south,new,1
REC-000956,9329.6,334,75.44,mid_market,south,new,0
REC-000957,32050.39,5,51.77,smb,south,new,1
REC-000958,142113.38,28,42.21,enterprise,south,expansion,0
REC-000959,67160.74,342,47.57,smb,west,expansion,0
REC-000960,177657.23,172,61.61,mid_market,east,new,1
REC-000961,19325.51,328,22.3,enterprise,west,expansion,1
REC-000962,17785.17,170,80.73,mid_market,south,renewal,1
REC-000963,159276.11,38,35.79,smb,north,new,1
REC-000964,3300.89,185,4.39,enterprise,south,new,1
REC-000965,8266.83,90,33.98,smb,south,new,1
REC-000966,7121.37,52,2.1,smb,south,renewal,0
REC-000967,98465.7,108,30.51,enterprise,east,renewal,1
REC-000968,56320.36,194,69.44,mid_market,west,expansion,0
REC-000969,3935.4,77,32.77,enterprise,east,new,0
REC-000970,9754.41,241,79.1,smb,north,new,0
REC-000971,136219.95,261,37.43,smb,west,new,0
REC-000972,7613.06,254,47.38,smb,west,expansion,0
REC-000973,27565.58,113,89.49,mid_market,south,renewal,1
REC-000974,16159.56,81,93.55,mid_market,east,expansion,1
REC-000975,55187.98,266,35.16,smb,north,renewal,0
REC-000976,10227.5,222,40.9,mid_market,east,renewal,1
REC-000977,7508.8,331,7.59,enterprise,east,expansion,0
REC-000978,123795.07,117,9.84,enterprise,east,new,0
REC-000979,5903.43,129,30.27,smb,east,new,0
REC-000980,267316.64,134,0.85,mid_market,east,renewal,0
REC-000981,14522.66,297,75.78,enterprise,west,expansion,1
REC-000982,48531.57,204,22.76,smb,south,renewal,1
REC-000983,36331.2,240,72.25,mid_market,east,new,1
REC-000984,668.85,358,41.77,mid_market,west,expansion,1
REC-000985,3267.57,256,81.04,mid_market,east,new,0
REC-000986,49079.73,354,53.76,mid_market,north,expansion,0
REC-000987,125380.78,323,79.91,smb,west,renewal,1
REC-000988,12033.47,97,47.48,mid_market,west,expansion,0
REC-000989,25353.04,353,60.34,enterprise,south,new,1
REC-000990,116258.41,120,29.11,smb,north,renewal,1
REC-000991,23332.01,211,39.11,enterprise,south,expansion,0
REC-000992,61329.1,106,12.99,enterprise,east,renewal,0
REC-000993,36464.75,295,93.92,smb,south,expansion,0
REC-000994,19296.85,74,44.57,mid_market,south,expansion,0
REC-000995,31255.94,237,57.61,smb,north,renewal,0
REC-000996,114714.41,365,79.23,mid_market,south,renewal,1
REC-000997,6522.1,94,69.85,enterprise,west,expansion,0
REC-000998,4604.36,150,66.67,enterprise,south,renewal,1
REC-000999,47420.24,189,7.65,enterprise,east,renewal,1
